136,156,176,136,156,176,136,156,176,156,156,176,136,156,176,176,136,136,156,176,156,176,156,136,176,136,136,156,156,176,176,156,176,136,136,156,156,176,156,176,136,136,136,176,156,156,176,136,176,136,136,156,176,156,176,176,136,136,156,136,156,176,176,176,136,136,156,156,136,176,156,176,136,176,156,136,156,136,176,176,156,136,176,136,156,156,176,176,136,156,136,136,156,176,176,176,156,136,156
136,156,136,176,176,156,136,156,176,156,136,176,176,156,156,136,136,176,156,176,156,176,156,136,136,136,176,156,176,176,136,156,156,136,176,136,156,176,176,136,156,156,136,136,156,176,176,156,136,136,176,156,136,176,156,176,136,176,156,136,156,136,176,156,176,176,156,136,156,136,136,156,176,176,136,176,156,156,136,136,156,176,176,156,156,136,136,156,136,176,176,176,136,156,156,136,136,156,176
176,156,156,136,136,136,156,176,176,156,156,136,176,136,156,136,176,176,156,136,136,156,156,176,136,176,176,156,136,156,156,136,176,136,176,136,156,156,136,176,156,136,176,136,156,156,176,136,156,176,136,136,176,156,156,156,136,176,136,176,136,156,176,156,176,136,136,136,176,136,156,156,136,176,156,136,176,156,136,136,176,156,176,156,136,176,136,156,176,136,156,176,156,136,136,176,136,176,156
176,156,136,136,156,176,136,176,156,156,136,156,136,176,136,176,156,176,156,176,136,136,176,156,136,156,176,156,176,136,136,136,176,156,156,176,156,176,136,156,136,176,176,156,156,176,136,156,136,176,176,156,136,156,136,176,176,156,156,136,176,136,156,136,176,136,156,176,176,156,156,176,136,156,136,176,136,176,156,156,176,176,136,136,156,136,156,156,176,176,136,136,176,156,136,156,176,156,176
136,136,176,156,156,176,136,156,176,136,176,136,176,156,156,176,156,136,136,176,136,176,156,156,136,156,176,136,176,156,136,156,136,176,136,156,176,176,156,156,176,136,136,156,136,176,156,156,176,136,136,156,136,176,156,176,156,136,136,136,176,176,136,156,176,156,136,136,176,176,156,136,156,176,156,136,136,176,136,156,156,176,176,156,136,136,176,136,176,156,156,176,156,176,156,136,136,176,156
136,176,156,136,176,156,176,176,156,136,156,156,176,176,136,136,176,136,156,156,156,176,136,176,176,156,136,136,156,156,176,136,156,176,176,136,156,156,136,176,156,176,176,136,156,136,136,156,176,156,176,176,156,136,136,156,136,176,136,156,136,156,176,176,136,136,156,176,136,156,176,176,136,136,176,156,156,136,156,176,136,136,176,176,156,156,136,156,176,136,176,176,136,156,156,136,176,136,136
176,156,156,176,136,156,176,136,136,156,176,156,136,136,176,136,156,156,176,176,156,136,156,176,176,156,136,176,136,136,156,176,176,156,156,136,176,136,156,136,156,156,176,176,136,156,136,176,156,176,176,156,136,156,156,136,176,176,136,156,176,156,136,176,156,176,156,176,156,136,136,156,176,176,176,156,156,136,136,176,136,156,176,176,136,156,156,136,176,156,156,136,156,176,176,156,156,136,176
176,136,156,136,176,156,156,136,176,136,156,136,176,156,136,156,156,136,176,176,136,176,156,176,136,136,176,136,176,156,136,136,176,156,136,176,156,176,136,176,136,176,136,156,176,156,136,176,156,176,156,136,136,176,136,176,136,156,156,176,136,156,136,176,176,136,156,136,176,176,176,136,136,136,156,176,176,136,176,156,136,136,176,156,156,176,136,176,156,136,156,136,176,176,156,156,156,136,136
176,176,176,156,136,156,156,136,136,176,176,156,156,136,136,176,136,156,176,176,136,156,136,156,176,136,176,176,136,156,156,176,176,136,136,176,136,156,156,136,136,176,136,176,176,156,156,136,136,176,176,136,156,136,176,156,136,136,176,176,156,136,156,136,156,176,136,176,156,156,136,156,136,136,176,156,176,176,156,136,136,156,136,176,156,176,156,176,136,136,176,156,176,156,176,136,156,136,136
176,156,176,156,136,176,136,156,136,156,176,156,136,136,136,156,176,156,176,156,136,156,136,136,176,156,176,156,136,136,156,136,156,176,176,156,136,136,136,156,176,176,136,136,156,176,156,176,136,156,136,156,176,176,156,136,136,156,156,156,176,136,136,136,156,156,156,176,136,156,156,136,176,156,136,176,136,156,136,156,176,176,156,176,136,156,176,136,136,176,176,156,156,136,176,156,136,176,176
156,156,136,176,136,136,156,176,176,156,176,136,136,176,156,176,156,136,176,136,176,176,156,156,136,136,176,176,176,156,156,176,136,176,136,156,156,176,136,136,176,176,176,136,156,156,136,176,176,156,136,156,176,136,176,176,156,156,176,136,136,176,176,156,176,156,136,136,176,156,156,176,136,176,156,156,136,176,176,176,156,136,156,136,176,176,156,176,156,176,156,156,176,176,136,156,136,136,156
176,156,136,136,176,136,156,156,156,136,176,176,156,136,136,156,176,136,176,136,176,156,156,176,136,136,176,156,136,176,136,156,176,136,176,156,176,136,156,176,136,176,176,136,156,156,176,176,136,156,156,176,136,176,136,176,176,156,156,176,136,176,136,156,156,176,176,136,176,156,176,136,176,156,176,176,176,156,136,156,136,176,176,136,136,136,156,176,136,156,156,176,156,176,136,136,136,176,156
156,136,176,136,156,176,176,156,136,136,176,176,136,156,156,176,136,136,176,176,156,156,176,156,176,136,136,176,156,156,176,136,156,176,136,156,176,136,156,156,176,176,156,176,136,136,156,176,156,176,156,176,136,136,156,156,176,176,176,156,136,156,176,136,156,176,136,156,176,156,136,176,176,156,136,156,176,176,156,176,156,136,136,156,156,176,176,156,136,156,156,176,136,136,176,176,136,156,156
176,136,176,136,156,156,156,176,136,136,136,156,156,176,156,176,136,136,176,176,156,156,136,156,136,136,176,176,136,156,156,176,136,156,136,176,136,176,136,156,156,176,136,156,176,136,156,176,156,176,156,136,136,136,176,176,156,176,136,156,136,156,136,176,176,156,156,176,156,136,136,136,176,156,176,156,176,176,176,136,156,136,136,156,176,176,136,156,176,136,136,176,176,156,156,136,156,176,136
176,136,156,176,156,156,176,136,136,136,156,176,176,136,136,156,156,136,176,136,136,176,136,156,156,176,156,176,136,136,176,156,136,156,176,156,176,136,136,176,156,156,156,176,176,156,156,136,136,156,176,176,136,176,156,136,176,156,136,156,136,176,156,156,136,136,136,156,176,156,136,176,176,136,156,156,176,136,156,176,136,156,176,156,176,136,156,136,176,156,176,156,176,156,136,136,176,176,156
